FIRST_NAME|LAST_NAME||INPUT_1|INPUT_2
Nora|Windmon||nora|windmon
Nora Windmon|Nora Windmon||nora windmon|nora windmon
Stacy|O'Brien||stacy|o'brien
Stacy O'Brien|Stacy O'Brien||stacy o'brien|stacy o'brien
Kiwanna|Gordon||kiwanna|gordon
Anntoinnette|Gallagher||anntoinnette|gallagher
Michellr|Jimenez||michellr|jimenez
Michellr Jimenez|Michellr Jimenez||michellr jimenez|michellr jimenez
Adam|Wagner||adam|wagner
Lisa Marie|Murillo||lisa marie|murillo
Lisa Marie Murillo|Lisa Marie Murillo||lisa marie murillo|lisa marie murillo
Shar|Thompson-Brown||shar|thompson-brown
Shar Thompson-Brown|Shar Thompson-Brown||shar thompson-brown|shar thompson-brown
Asas|Siddiqui||asas|siddiqui
Danita|Redfearn||danita|redfearn
Adrienne|St Aubin||adrienne|st aubin
Adrienne St Aubin|Adrienne St Aubin||adrienne st aubin|adrienne st aubin
Dong Woo|Cho||dong woo|cho
Cathy|Paap||cathy|paap
Edith Ibuado Varela|Edith Ibuado Varela||edith ibuado varela|edith ibuado varela
Dora A Hernandez|Dora A Hernandez||dora a hernandez|dora a hernandez
Pamela|Hill||pamela|hill
Jorge Gomez Castillo|Jorge Gomez Castillo||jorge gomez castillo|jorge gomez castillo
Lucy|Hanson-Johnson||lucy|hanson-johnson
Lucy Hanson-Johnson|Lucy Hanson-Johnson||lucy hanson-johnson|lucy hanson-johnson
Carey|Runzel Oberly||carey|runzel oberly
Carey Runzel Oberly|Carey Runzel Oberly||carey runzel oberly|carey runzel oberly
Alexis|Tachiquin||alexis|tachiquin
Alexis|Alexis Tachiquin||alexis|alexis tachiquin
Heather|Coon||heather|coon
Corinne Jeanette|Pearson||corinne jeanette|pearson
Kristopher Rogue|Shindler||kristopher rogue|shindler
Jose Gregorio|Pabon Morales||jose gregorio|pabon morales
Bol'Ey|Levingston||bol'ey|levingston
Erlando James|Abilo||erlando james|abilo
Kelly J Buller Young|Kelly J Buller Young||kelly j buller young|kelly j buller young
Ute|Cordova||ute|cordova
Annette|Annette Banuelos-Sams||annette |annette banuelos-sams
Candace|Purse Ruelas||candace|purse ruelas
Elizabeth|S.Ith||elizabeth|s.ith
Elizabeth S.Ith|Elizabeth S.Ith||elizabeth s.ith|elizabeth s.ith
James Wall|James Wall||james wall|james wall
James Wall|Wall||james wall| wall
Alexandra|Pabon-Chaar||alexandra|pabon-chaar
Luke|Le Mans||luke|le mans
Kelly Strahan|Kelly Strahan||kelly strahan|kelly strahan
Latoya Gainer|Latoya Gainer||latoya  gainer|latoya  gainer
Odalys|Garcia Moreno||odalys|garcia moreno
Emilia|Epstein||emilia|epstein
Cathy|Webster-Monk||cathy|webster-monk
Tamu|Adams-Brooks||tamu|adams-brooks
Anita|Gutierrez-Alnas||anita|gutierrez-alnas
Anita Gutierrez-Alnas|Anita Gutierrez-Alnas||anita gutierrez-alnas|anita gutierrez-alnas
Neftali|Perez-Feliciano||neftali|perez-feliciano
Patricia|Dimas Lopez||patricia|dimas lopez
Victor|Herrera Bautista||victor|herrera bautista
Dan|Mivens Jr||dan|mivens jr
Dan Mivens Jr|Dan Mivens Jr||dan mivens jr|dan mivens jr
Mary-Michelle|Moore||mary-michelle|moore
Christina|Francis-Bruce||christina|francis-bruce
Andrea|Zardetto-Smith||andrea|zardetto-smith
Tayler|Hubbard Lopez||tayler|hubbard lopez
Perrin|Greene Jr||perrin|greene jr
Teah W Byrd|Teah W Byrd||teah w byrd|teah w byrd
April|Bird||april|bird
Lauren|O'Leary||lauren|o'leary
Lauren O'Leary|Lauren O'Leary||lauren  o'leary|lauren o'leary
Barbara|Brown||barbara|brown
Kevin Paulsen|Kevin Paulsen||kevin paulsen|kevin paulsen
Sarah|Ross-Jones||sarah|ross-jones
Bridget|Butler-Cioffi||bridget|butler-cioffi
Olympia|Beltran||olympia|beltran
Jocelyn|Stilwell-Tong||jocelyn|stilwell-tong
Shariyun|Thompson-Brown||shariyun|thompson-brown
Sarah|De Los Reyes||sarah|de los reyes
Catherine "William"|Reed||catherine "william"|reed
Catherine "William" Reed|Catherine "William" Reed||catherine "william" reed|catherine "william" reed
Anne Gabrielle|Velasco||anne gabrielle|velasco
Derek Smith|Derek Smith||derek smith|derek smith
Barry|Burke Jr||barry|burke jr
White|White||white|white
Monique|Taylor-Jones||monique|taylor-jones
Christopher|Benitez-Banegas||christopher|benitez-banegas
Diana|Lee-Durant||diana|lee-durant
Regina|Manier Welerford||regina|manier welerford
M|Avdienko||m|avdienko
M Avdienko|M Avdienko||m avdienko|m avdienko
Alicia|Bolden-Lloret||alicia|bolden-lloret
Tracie|Olave||tracie|olave
Michelle|Youngblood Jarman||michelle|youngblood jarman
Michelle Youngblood Jarman|Michelle Youngblood Jarman||michelle youngblood jarman|michelle youngblood jarman
Anna|Salazar-Paez||anna|salazar-paez
Erin Marie|Johnson||erin marie|johnson
Erin Marie Johnson|Erin Marie Johnson||erin marie johnson|erin marie johnson
Pate|McKissack||pate|mckissack
Manuel|De La Garza||manuel|de la garza
Manuel De La Garza|Manuel De La Garza||manuel de la garza|manuel de la garza
Jean Marie|Alvarez||jean marie|alvarez
Karla|Law Selma||karla|law selma
Sarah Hunter|Sarah Hunter||sarah hunter|sarah hunter
Lindsay|McGuire||lindsay|mcguire
????????|????????????||????????|????????????
Lori|McCall||lori|mccall
Sara Yvonne|Ellis||sara yvonne|ellis
Debra L|Ball||debra l|ball
Debra L Ball|Debra L Ball||debra l ball|debra l ball
Debra L|Debra L Ball||debra l|debra l ball
Colin|McGonagle||colin|mcgonagle
Carmen Ayala|Carmen Ayala||carmen ayala|carmen ayala
Tasha|McGuire||tasha|mcguire
Jennifer Winston|Jennifer Winston||jennifer winston|jennifer winston
Tanya|Oaks-Brooks||tanya|oaks-brooks
Maria M Sanes|Maria M Sanes||maria m sanes|maria m sanes
Janet|McPhail||janet|mcphail
Angela|"Griffith, Love"||angela|"griffith, love"
Angela "Griffith, Love"|Angela "Griffith, Love"||angela "griffith, love"|angela "griffith, love"
Sara|Villatoro Goycoolea||sara|villatoro goycoolea
Jennifer|Aponte Casteel||jennifer|aponte casteel
Michael Hankins|Michael Hankins||michael hankins|michael hankins
Nina Walters|Nina Walters||nina walters|nina walters
Sarah|O'Heeron||sarah|o'heeron
Sarah O'Heeron|Sarah O'Heeron||sarah o'heeron|sarah o'heeron
Marena|Jefferson-Williams||marena|jefferson-williams
Andres Junior|Estribor||andres junior|estribor
Jennifer|Thompson||jennifer|thompson
Deborah|Cusack-Zeller||deborah|cusack-zeller
Michael Hankins|Michael Hankins||michael hankins|michael hankins
Briana|Mele Sullivan||briana|mele sullivan
Taylor|Lehnert-Resch||taylor|lehnert-resch
Jorge|Del Carmen Calixto||jorge|del carmen calixto
Maria A.|Strickland||maria a.|strickland
Maria A. Strickland|Maria A. Strickland||maria a. strickland|maria a. strickland
Edward|Curtis Jr.||edward|curtis jr.
Erika May|Towers||erika may|towers
Erika May Towers|Erika May Towers||erika may towers|erika may towers
Joseph|Austin Jr||joseph|austin jr
Joseph Austin Jr|Joseph Austin Jr||joseph austin jr|joseph austin jr
Joseph|Joseph Austin Jr||joseph|joseph austin jr
Tim|Aan'T Goor||tim|aan't goor
Tim|Tim Aan'T Goor||tim|tim aan't goor
C|Diones||c|diones
C Diones|C Diones||c diones|c diones
Daphne|Graskewicz-Prado||daphne|graskewicz-prado
Robert|J Bargar, MD||robert|j bargar, md
Robert J Bargar, MD|Robert J Bargar, MD||robert j bargar, md|robert j bargar, md
Nidia|Lopez-Garcia||nidia|lopez-garcia
Mary-Gail|King||mary-gail|king
Mary-Gail King|Mary-Gail King||mary-gail king|mary-gail king
Karmina|Wise-Sweat||karmina|wise-sweat
Mary Jo|Lawson||mary jo|lawson
Mary Jo Lawson|Mary Jo Lawson||mary jo lawson|mary jo lawson
Mary Jo|Mary Jo Lawson||mary jo|mary jo lawson
Marissa Click|Marissa Click||marissa click|marissa click
Shane|McLaughlin||shane|mclaughlin
Ann|Phelps Shanholtz||ann|phelps shanholtz
Karon L|Maxwell||karon l|maxwell
Angeline Grace|Tapia||angeline grace|tapia
Marsha|McFarland||marsha|mcfarland
Jillian|MacPherson||jillian|macpherson
Yolanda|Y||yolanda|y
Yolanda Y|Yolanda Y||yolanda y|yolanda y
Lenartha|Christian Jr||lenartha|christian jr
Ian|Vloke-Wurth||ian|vloke-wurth
Latunga|Reynolds - Williams||latunga|reynolds - williams
Latunga Reynolds - Williams|Latunga Reynolds - Williams||latunga reynolds - williams|latunga reynolds - williams
Gelsi|Avitia Orozco||gelsi|avitia orozco
Tonette Valmore|Tonette Valmore||tonette valmore|tonette valmore
Robert|O'Connor||robert|o'connor
Richard|Lambert Rose||richard|lambert rose
Richard Lambert Rose|Richard Lambert Rose||richard lambert rose|richard lambert rose
Sally|De Luca||sally|de luca
Sally De Luca|Sally De Luca||sally de luca|sally de luca
John Berlin|John Berlin||john berlin|john berlin
Linda|McCoy||linda|mccoy
Linda McCoy|Linda McCoy||linda mccoy|linda mccoy
Linda|Linda McCoy||linda|linda mccoy
Rhonda|O'Quinn||rhonda|o'quinn
Pam Powell|Pam Powell||pam powell|pam powell
Kaipo|Tautala Kupukaa Takasugi||kaipo|tautala kupukaa takasugi
Rebecca|Quesada||rebecca|quesada
Linda|Allen5264 N Michigan Rd||linda|allen5264 n michigan rd
Cecilia|Cerda Lopez||cecilia|cerda lopez
Stephen Ragland|Stephen Ragland||stephen ragland|stephen ragland
William|Bank'S||william|bank's
Elizabeth|Butucea Boscoianu||elizabeth|butucea boscoianu
Izza-Marie|Alcaide||izza-marie|alcaide
Sandra|Olivas-Meranza||sandra|olivas-meranza
Stephen Ragland|Stephen Ragland||stephen ragland|stephen ragland
Gustavo|De Castro||gustavo|de castro
Thomas|Steves Jr||thomas|steves jr
Jennifer|Farris-Reed||jennifer|farris-reed
Chanel|De La Rosa||chanel|de la rosa
Christina|Miller Solis||christina|miller solis
Sennecca|Allen Simpson||sennecca|allen simpson
Myra Elisa|Morales||myra elisa|morales
Richard|Hicks Jr||richard|hicks jr
Diane|Tells His Name||diane|tells his name
X�Rene|Eskandar||x�rene|eskandar
Shannon|McIntyre||shannon|mcintyre
Dawn Marie|Dubois||dawn marie|dubois
Cecilia J|Casarez||cecilia j|casarez
Yolanda|De La Torre||yolanda|de la torre
Susan|Rischall Heytow||susan|rischall heytow
Donnie|Wesley Sr||donnie|wesley sr
La'Shan|Powell||la'shan|powell
Ruth|Prince-Gabriel||ruth|prince-gabriel
Heather|De Boer||heather|de boer
Sheila Karina|Guardiola||sheila karina|guardiola
Emilio|Magallon Jr||emilio|magallon jr
Kelly|Buchanan Harris||kelly|buchanan harris
Estrella|Carrillo Arredondo||estrella|carrillo arredondo
Shari|Gregerman Badioli||shari|gregerman badioli
Sheyla|Jimenez Rohena||sheyla|jimenez rohena
Hannah|McDonald||hannah|mcdonald
Eric|McCloud||eric|mccloud
Sherita.|Alexander||sherita.|alexander
Sherita. Alexander|Sherita. Alexander||sherita. alexander|sherita. alexander
Sherita. Alexander|Sherita Alexander||sherita. alexander|sherita alexander
Sydney|McFadden||sydney|mcfadden
Vince|O'Neill||vince|o'neill
Jody Ann|Cobourne||jody ann|cobourne
Jody Ann Cobourne|Jody Ann Cobourne||jody ann cobourne|jody ann cobourne
Jody Ann|Jody Ann Cobourne||jody ann|jody ann cobourne
James|MacPherson||james|macpherson
Alicea|Alexander-Robinson||alicea|alexander-robinson
Elshanay|Marable-Clayton||elshanay|marable-clayton
Cheikh Sid Ahmed|Sidi Mahmoud||cheikh sid ahmed|sidi mahmoud
Jennie|Johnson-Storey||jennie|johnson-storey
Lisa|Gallegos Dominguez||lisa|gallegos dominguez
Breanna|Grant-Provau||breanna|grant-provau
Mario|Troia Jr.||mario|troia jr.
Tanay|Medley Boyd||tanay|medley boyd
Anne-Marie|Manibusan||anne-marie|manibusan
Micah-Giovanni|Kaitapu||micah-giovanni|kaitapu
Cynthia|Stevens Cantu||cynthia|stevens cantu
Monsoon|Ross-Accorsi||monsoon|ross-accorsi
Shawn|McPherson||shawn|mcpherson
Sarah-Jane|George||sarah-jane|george
Jan Patrick|Villanueva||jan patrick|villanueva
Denise Dale|Notinelli||denise dale|notinelli
Marlene|Y||marlene|y
Marlene Y|Marlene Y||marlene y|marlene y
Jennifer|McLean||jennifer|mclean
Rebecca|Van Stelle||rebecca|van stelle
Rebecca Van Stelle|Rebecca Van Stelle||rebecca van stelle|rebecca van stelle
Mark|St. Onge||mark|st. onge
Mark St. Onge|Mark St. Onge||mark st. onge|mark st. onge
Maria|Alvarez Garcia||maria|alvarez garcia
Manette|McClain||manette|mcclain
Lainey|Sainte Marie||lainey|sainte marie
Melanee|Smith-Andrus||melanee|smith-andrus
Jme|Facundo||jme|facundo
Rosalee|O'Hare||rosalee|o'hare
Jay|McWilliams||jay|mcwilliams
Sarah|Riat-Esparza||sarah|riat-esparza
Ana Maria|Baccari||ana maria|baccari
Megan|McCafferty||megan|mccafferty
Lisa Ladonna|Qualtieri||lisa ladonna|qualtieri
Maria Paula|Widener||maria paula|widener
Dayna|MacKintosh||dayna|mackintosh
Eve|Marie McGrath||eve|marie mcgrath
Pamela|Rainey Lawrence||pamela|rainey lawrence
Norman|McCraine||norman|mccraine
Monique|Cox-Lovel||monique|cox-lovel
Susan|Flores-Astudillo||susan|flores-astudillo
Barbara|De La Cruz||barbara|de la cruz
Barbara De La Cruz|Barbara De La Cruz||barbara de la cruz|barbara de la cruz
Barbara|Barbara De La Cruz||barbara|barbara de la cruz
Christyna|Zuniga Perez||christyna|zuniga perez
Jessica|Jean-Philippe||jessica|jean-philippe
Ah Lan|Ferrara||ah lan|ferrara
Ah Lan Ferrara|Ah Lan Ferrara||ah lan ferrara|ah lan ferrara
Ah Lan|Ah Lan Ferrara||ah lan|ah lan ferrara
J S|Inman||j s|inman
J S Inman|J S Inman||j s inman|j s inman
J S|J S Inman||j s|j s inman
Bruce L|McGraw||bruce l|mcgraw
Bruce L McGraw|Bruce L McGraw||bruce l mcgraw|bruce l mcgraw
Bruce L|Bruce L McGraw||bruce l|bruce l mcgraw
Jesus|Canas Franco||jesus|canas franco
Joe|McCorkle||joe|mccorkle
Martha|McFauls||martha|mcfauls
Claudia|Blanco Nunez||claudia|blanco nunez
Willa|O'Malley||willa|o'malley
Dwight K|Jones Jr||dwight k|jones jr
Dwight K Jones Jr|Dwight K Jones Jr||dwight k jones jr|dwight k jones jr
Dwight K|Dwight K Jones Jr||dwight k|dwight k jones jr
Laurence|Bingenheimer-Emich||laurence|bingenheimer-emich
Jaime Lynne|Chapman||jaime lynne|chapman
Alyssa|Dikitanan-Huerta||alyssa|dikitanan-huerta
Guadalupe|Solis Castro||guadalupe|solis castro
Genevieve|Clay-Poor||genevieve|clay-poor
Cassidy|McEachern-Stains||cassidy|mceachern-stains
Janet Loren|Galdamez||janet loren|galdamez
James|O'Neil||james|o'neil
Tabatha T|Johnson||tabatha t|johnson
Gary|Sturdivan II||gary|sturdivan ii
Gary Sturdivan II|Gary Sturdivan II||gary sturdivan ii|gary sturdivan ii
Gary|Gary Sturdivan II||gary|gary sturdivan ii
Charles|Von Lewis||charles|von lewis
Charles Von Lewis|Charles Von Lewis||charles von lewis|charles von lewis
Charles|Charles Von Lewis||charles|charles von lewis
Patricia|McGuire||patricia|mcguire
Michelle|Woll Endris||michelle|woll endris
Maurni|McConico||maurni|mcconico
L'Dawn|Jones||l'dawn|jones
L'Dawn Jones|L'Dawn Jones||l'dawn jones|l'dawn jones
L'Dawn|L'Dawn Jones||l'dawn|l'dawn jones
Rabecca|Davis Adams||rabecca|davis adams
Toshya|Weaver-Cromwell||toshya|weaver-cromwell
William|Groce-McGee||william|groce-mcgee
Jean|Josef Angeles||jean|josef angeles
Richard|Kilgo II||richard|kilgo ii
Jared|McCreary||jared|mccreary
Daniel|McCray||daniel|mccray
Karlene|Jean Baptiste||karlene|jean baptiste
Brenda|Pollock Smith||brenda|pollock smith
Bradford|Levering II||bradford|levering ii
Bradford Levering II|Levering II||bradford levering ii|levering ii
Rebecca|Olinger||rebecca|olinger
Olinger|Rebecca Olinger||olinger|rebecca olinger
Maria Emilia|Recalde||maria emilia|recalde
Maria Emilia Recalde|Maria Emilia Recalde||maria emilia recalde|maria emilia recalde
Elizabeth Logan|Wilder Fuller||elizabeth logan|wilder fuller
Hope|Fernandez-Kambick||hope|fernandez-kambick
Richelle|McKenzie||richelle|mckenzie
Suzanne|Van De Velde||suzanne|van de velde
Suzanne Van De Velde|Suzanne Van De Velde||suzanne van de velde|suzanne van de velde
Nicole|Oiler||nicole|oiler
Chery A|Jackson||chery a|jackson
Miguel|Hall Jr||miguel|hall jr
Jose|Quero Zabala||jose|quero zabala
Rachel|Durban-Hudson||rachel|durban-hudson
Phyllis A|Chapital||phyllis a|chapital
Verenda|McCown||verenda|mccown
Edward|Zuriaga Lopez||edward|zuriaga lopez
Mikel|Taylor II||mikel|taylor ii
Maria|Oliva||maria|oliva
Marvin A.|Bush||mr. marvin a.|bush
Marvin A. Bush|Marvin A. Bush||mr. marvin a. bush|mr. marvin a. bush
Sunshine|Lampitoc Smith||sunshine|lampitoc smith
Isamar|Miguel Gonzalez||isamar|miguel gonzalez
Al|Aguirre||al|aguirre
Erika|Murphy-Rautanen||erika|murphy-rautanen
Luz Yuridia|Salido||luz yuridia|salido
Tricia|McIntyre||tricia|mcintyre
Brenda "Bren"|Gruen||brenda "bren"|gruen
Brenda "Bren" Gruen|Brenda "Bren" Gruen||brenda "bren" gruen|brenda "bren" gruen
Maureen|Griffin Day||maureen|griffin day
Hunter|Van Roekel||hunter|van roekel
Patricia|McGuire||patricia|mcguire
Monica|Bolanos Galvan||monica|bolanos galvan
Anne Marie|Carter||anne marie|carter
Sara|Payan-Pehrson||sara|payan-pehrson
Ginny|McCoy||ginny|mccoy
Kathy|Jurado Lock||kathy|jurado lock
Jade|Seay-Graham||jade|seay-graham
Ryan|O'Hara||ryan|o'hara
Patricia|McGinty-Hagedorn||patricia|mcginty-hagedorn
Tracey|Adams-Breedlove||tracey|adams-breedlove
Michael|Von Redlich||michael|von redlich
Jordan|McGurr||jordan|mcgurr
L|Daugherty||l|daugherty
Teah|Devastey Evans||teah|devastey evans
Jsjs|Shsn||jsjs|shsn
Collettw|Hollingshead||collettw|hollingshead
Nana|Bsbsn||nana|bsbsn
Edward Ivan|Franco||edward ivan|franco
Ta|Kjn||ta|kjn
Moe|Faye33z||moe|faye33z
Elizabeth Logan|Wilder Fuller||elizabeth logan|wilder fuller
Laura|Willis Albrigo||laura|willis albrigo
Mike|De Santiago||mike|de santiago
Kc|Wiley||kc|wiley
Sarah|McCain||sarah|mccain
Bobbi Jo|Norris||bobbi jo|norris
Mary Grace|Salvatierra||mary grace|salvatierra
Joanne|Tortorici Luna||joanne|tortorici luna
Sandra Julia|Po||sandra julia|po
Jessica|Canseco Downing||jessica|canseco downing
Jeffrey|Cuevas-Koch||jeffrey|cuevas-koch
Kelli|McCoy-West||kelli|mccoy-west
Julie Jo|Harlan||julie jo|harlan
Kiyshon|McAllaster||kiyshon|mcallaster
Susan|Griffin Olawale||susan|griffin olawale
Jennifer K.|Toy||jennifer k.|toy
H Ralph|Martinez||h ralph|martinez
Amy|Turner-Collins||amy|turner-collins
Cruzsilla|Guti�Rrez||cruzsilla|guti�rrez
Luz Yuridia|Salido||luz yuridia|salido
Angela|McDonnell||angela|mcdonnell
Monica|Bolanos Galvan||monica|bolanos galvan
Lisa|Qu||lisa|qu
Chrystal|Del Torto||chrystal|del torto
Paige|Edwards Kamrath||paige|edwards kamrath
Frances|McAlister||frances|mcalister
Tawnya|U||tawnya|u
Sandra V|Martinez||sandra v|martinez
Kim|Le||kim|le
Reyna|De La O||reyna|de la o
Jeffrey|Sanchez Jr||jeffrey|sanchez jr
Charlene|Thompson||ms. charlene|thompson
Kai-Lynn|Brown||kai-lynn|brown
Oli|Nogales||oli|nogales
Hau Xiang|Leong||hau xiang|leong
Valorah|Lopez Griggs||valorah|lopez griggs
C Mike|McDonald||c mike|mcdonald
Vanessa|Van Belmont||vanessa|van belmont
Jose Carlos|Coronado||jose carlos|coronado
Amber|Van Duyn||amber|van duyn
Q|Isoff-Celestin||q|isoff-celestin
Gary|Sturdivan II||gary|sturdivan ii
John|Cook Jr||john|cook jr
Bethany (Dakota)|Morton||bethany (dakota)|morton
Danielle|M||danielle|m
Joseph|Bezio Jr||joseph|bezio jr
Alicia|Cervantes ( Lopez )||alicia|cervantes ( lopez )
Jean Paul|Carreon||jean paul|carreon
Roneisha|Jackson Wesby||roneisha|jackson wesby
Esteban|Bernal Jr||esteban|bernal jr
Miguel A|Alejandro||miguel a|alejandro
Joao Gabriel|Perroni Couto Da Silva Jacome||joao gabriel|perroni couto da silva jacome
Ashley|Barrantes Calvo||ashley|barrantes calvo
Michelle|Woll Endris||michelle|woll endris
Patricia|Orozco-Delgado||patricia|orozco-delgado
Mariela|Rosario Pab�N||mariela|rosario pab�n
Kevin|Van Belois||kevin|van belois
William R|Andrews IV||william r|andrews iv
Mario|Juarez Segura||mario|juarez segura
Linda|Ma||linda|ma
Maria Luz|Rubalcaba||maria luz|rubalcaba
Miss Tonya|Telles||miss tonya|telles
Felicia|Lum-Robinson||felicia|lum-robinson
Gina|Johns-McNeil||gina|johns-mcneil
Chsron|McBride||chsron|mcbride
Cherise|McCoy||cherise|mccoy
Maureen|Griffin-Day||maureen|griffin-day
Madeleine|McDaid||madeleine|mcdaid
Kayla|Hurt Bassetti||kayla|hurt bassetti
Manette|McClain||manette|mcclain
Steven D.|Sann||steven d.|sann
Wendy|Vonhaesler||wendy|vonhaesler
Tenille|Payne Young||tenille|payne young
Jerl|Draper||jerl|draper
Chloe|Yu||chloe|yu
Cindy|Vo||cindy|vo
Amelia|Ravitz-Dworkin||amelia|ravitz-dworkin
Debbie|Van Eyck||debbie|van eyck
Lakia|McKinney||lakia|mckinney
Kat|Mc||kat|mc
Ac Antonio|Moses||ac antonio|moses
Marc Alan|Reichbart||marc alan|reichbart
Mathew|St. Clair||mathew|st. clair
E Lea|Adams||e lea|adams
Oliver|Williams III||oliver|williams iii
Paul|Gillich Jr||paul|gillich jr
Tamara Sue|Shannon||tamara sue|shannon
Lisa|Curtis Saunders||lisa|curtis saunders
Herbert|Morris IV||herbert|morris iv
I Lindsey|Rangel||i lindsey|rangel
Lonnie|Turner II||lonnie|turner ii
Noemi|Villela-Dean||noemi|villela-dean
Maria|Mata-Lopez||maria|mata-lopez
Earl|Stanford III||earl|stanford iii
Patricia|D'Orange-Martin||patricia|d'orange-martin
Adriana|Valentina McGlinchey||adriana|valentina mcglinchey
Shola|Ojo||shola|ojo
Ter'Ri|Mills||ter'ri|mills
Ronald|O'Connor||ronald|o'connor
Contrice L|Hawthorne||contrice l|hawthorne
John|McLendon||john|mclendon
Brandon|McNeil||brandon|mcneil
James|Russell IV||james|russell iv
Svea|Elaine||svea|elaine
Melissa|MacDonald||melissa|macdonald
Thomas|Magee||thomas|magee
Eric|Jackson Sr.||eric|jackson sr.
Greg|Ku||greg|ku
Rory|O'Connor||rory|o'connor
Jennifer K.|Toy||jennifer k.|toy
Rudi|Jie-A-Fa||rudi|jie-a-fa
Melissa|T||melissa|t
Douglas K.|Slaunwhite||douglas k.|slaunwhite
Iralen|Del Valle||iralen|del valle
Rebecca|Do||rebecca|do
Angelique|La Fountain-Rivera||angelique|la fountain-rivera
George Ryan|Salvatore-Demars||george ryan|salvatore-demars
Maria Teresa|Ossa||maria teresa|ossa
Kevin|Y||kevin|y
Gabriela Rodriguez|Matos||gabriela rodriguez|matos
Sabrina|Lopez Toro||sabrina|lopez toro
Lor|Vang||lor|vang
